Designator,Val,Package,MidX,MidY,Rotation,Layer
"C1","22pF","C_0201_0603Metric",63.321228,-63.901227,180.000000,top
"C2","22pF","C_0201_0603Metric",63.321228,-64.701227,180.000000,top
"C3","100nF","C_0201_0603Metric",54.064561,-35.350000,0.000000,top
"C4","100nF","C_0201_0603Metric",84.301228,-35.350000,0.000000,top
"C5","100nF","C_0201_0603Metric",84.297893,-54.550000,0.000000,top
"C6","100nF","C_0201_0603Metric",69.671228,-54.401227,0.000000,top
"C7","100nF","C_0201_0603Metric",69.671228,-35.350000,0.000000,top
"C8","100nF","C_0201_0603Metric",54.064561,-54.650000,0.000000,top
"C9","100nF","C_0201_0603Metric",84.300000,-89.650000,0.000000,top
"C10","100nF","C_0201_0603Metric",71.231228,-71.250000,180.000000,top
"C11","100nF","C_0201_0603Metric",54.064561,-89.650000,0.000000,top
"C12","100nF","C_0201_0603Metric",86.837895,-90.450000,180.000000,top
"C13","100nF","C_0201_0603Metric",71.201228,-90.401227,180.000000,top
"C14","100nF","C_0201_0603Metric",56.600000,-90.475000,180.000000,top
"C15","100nF","C_0201_0603Metric",49.050000,-63.697977,90.000000,top
"C16","100nF","C_0201_0603Metric",29.901228,-46.275360,90.000000,top
"C17","100nF","C_0201_0603Metric",29.901228,-82.100596,90.000000,top
"C18","100nF","C_0201_0603Metric",49.050000,-46.275360,90.000000,top
"C19","100nF","C_0201_0603Metric",49.050000,-82.100596,90.000000,top
"C20","100nF","C_0201_0603Metric",91.750000,-62.137977,-90.000000,top
"C21","100nF","C_0201_0603Metric",91.750000,-43.735358,-90.000000,top
"C22","100nF","C_0201_0603Metric",21.746229,-91.001227,180.000000,top
"C23","100nF","C_0201_0603Metric",91.750000,-79.560594,-90.000000,top
"C24","100nF","C_0201_0603Metric",111.001228,-43.735358,-90.000000,top
"C25","100nF","C_0201_0603Metric",111.001228,-79.560594,-90.000000,top
"C26","100nF","C_0201_0603Metric",19.706227,-34.950000,0.000000,top
"C27","100nF","C_0201_0603Metric",119.156227,-35.001227,0.000000,top
"C28","100nF","C_0201_0603Metric",121.196229,-90.950000,180.000000,top
"C29","100nF","C_0201_0603Metric",58.981228,-70.781227,-90.000000,top
"C255","100nF","C_0201_0603Metric",67.571505,-67.139322,180.000000,top
"C256","100nF","C_0201_0603Metric",69.571505,-62.739322,-90.000000,top
"C257","100nF","C_0201_0603Metric",71.171505,-62.739322,90.000000,top
"C258","100nF","C_0201_0603Metric",68.771505,-61.139322,-90.000000,top
"C259","100nF","C_0201_0603Metric",69.571505,-64.339322,-90.000000,top
"C260","100nF","C_0201_0603Metric",71.971505,-61.139322,-90.000000,top
"C261","100nF","C_0201_0603Metric",68.371505,-62.339322,180.000000,top
"C262","100nF","C_0201_0603Metric",70.371505,-62.739322,-90.000000,top
"C263","100nF","C_0201_0603Metric",71.971505,-62.739322,90.000000,top
"C264","100nF","C_0201_0603Metric",68.371505,-63.139322,180.000000,top
"C265","100nF","C_0201_0603Metric",70.371505,-64.339322,-90.000000,top
"C266","100nF","C_0201_0603Metric",73.171505,-61.539322,0.000000,top
"C267","10µF","C_0402_1005Metric",20.671228,-57.601227,180.000000,top
"C268","100nF","C_0201_0603Metric",69.571505,-61.139322,-90.000000,top
"C269","100nF","C_0201_0603Metric",71.171505,-61.139322,-90.000000,top
"C270","100nF","C_0201_0603Metric",72.771505,-62.739322,90.000000,top
"C271","1µF","C_0201_0603Metric",20.831228,-55.351227,180.000000,top
"C272","100nF","C_0201_0603Metric",20.831228,-56.351227,180.000000,top
"C273","100nF","C_0201_0603Metric",65.976505,-60.739322,180.000000,top
"C274","4.7µF","C_0402_1005Metric",65.421228,-67.101227,0.000000,top
"C275","100nF","C_0201_0603Metric",75.171505,-60.339322,90.000000,top
"C276","100nF","C_0201_0603Metric",65.976505,-65.539322,180.000000,top
"C277","100nF","C_0201_0603Metric",65.301228,-68.001227,0.000000,top
"C278","10nF","C_0201_0603Metric",74.371505,-60.339322,90.000000,top
"C279","100nF","C_0201_0603Metric",74.771505,-64.739322,180.000000,top
"C280","10µF","C_0402_1005Metric",81.013728,-64.251227,90.000000,top
"C281","1µF","C_0201_0603Metric",80.113728,-64.401227,90.000000,top
"C282","100nF","C_0201_0603Metric",79.313728,-64.401227,90.000000,top
"D1","H5VL10B","D_SOD-882D",9.201228,-59.651227,-90.000000,top
"D2","H5VL10B","D_SOD-882D",9.201228,-62.451227,-90.000000,top
"D3","H5VL10B","D_SOD-882D",9.201228,-64.251227,90.000000,top
"D4","RED_LED","D_0402_1005Metric",4.501228,-11.836227,-90.000000,top
"D5","YELLOW_LED","D_0402_1005Metric",136.351228,-11.836227,-90.000000,top
"D6","GREEN_LED","D_0402_1005Metric",4.501228,-113.901227,90.000000,top
"D7","BLUE_LED","D_0402_1005Metric",136.351228,-113.901227,90.000000,top
"D8","H5VL10B","D_SOD-882D",89.717894,-25.701227,-90.000000,top
"D9","H5VL10B","D_SOD-882D",88.467894,-25.701227,-90.000000,top
"D10","H5VL10B","D_SOD-882D",87.217894,-25.701227,-90.000000,top
"D11","H5VL10B","D_SOD-882D",85.967894,-25.701227,-90.000000,top
"D12","H5VL10B","D_SOD-882D",84.717894,-25.701227,-90.000000,top
"D13","H5VL10B","D_SOD-882D",83.467894,-25.701227,-90.000000,top
"D14","H5VL10B","D_SOD-882D",82.217894,-25.701227,-90.000000,top
"D15","H5VL10B","D_SOD-882D",80.967894,-25.701227,-90.000000,top
"D16","H5VL10B","D_SOD-882D",89.717894,-44.901227,-90.000000,top
"D17","H5VL10B","D_SOD-882D",88.467894,-44.901227,-90.000000,top
"D18","H5VL10B","D_SOD-882D",87.217894,-44.901227,-90.000000,top
"D19","H5VL10B","D_SOD-882D",85.967894,-44.901227,-90.000000,top
"D20","H5VL10B","D_SOD-882D",84.717894,-44.901227,-90.000000,top
"D21","H5VL10B","D_SOD-882D",83.467894,-44.901227,-90.000000,top
"D22","H5VL10B","D_SOD-882D",82.217894,-44.901227,-90.000000,top
"D23","H5VL10B","D_SOD-882D",80.967894,-44.901227,-90.000000,top
"D24","H5VL10B","D_SOD-882D",76.101228,-44.801227,-90.000000,top
"D25","H5VL10B","D_SOD-882D",74.851228,-44.801227,-90.000000,top
"D26","H5VL10B","D_SOD-882D",73.601228,-44.801227,-90.000000,top
"D27","H5VL10B","D_SOD-882D",72.351228,-44.801227,-90.000000,top
"D28","H5VL10B","D_SOD-882D",71.101228,-44.801227,-90.000000,top
"D29","H5VL10B","D_SOD-882D",69.851228,-44.801227,-90.000000,top
"D30","H5VL10B","D_SOD-882D",68.601228,-44.801227,-90.000000,top
"D31","H5VL10B","D_SOD-882D",67.351228,-44.801227,-90.000000,top
"D32","H5VL10B","D_SOD-882D",66.101228,-44.801227,-90.000000,top
"D33","H5VL10B","D_SOD-882D",64.851228,-44.801227,-90.000000,top
"D34","H5VL10B","D_SOD-882D",59.484562,-44.901227,-90.000000,top
"D35","H5VL10B","D_SOD-882D",58.234562,-44.901227,-90.000000,top
"D36","H5VL10B","D_SOD-882D",56.984562,-44.901227,-90.000000,top
"D37","H5VL10B","D_SOD-882D",55.734562,-44.901227,-90.000000,top
"D38","H5VL10B","D_SOD-882D",54.484562,-44.901227,-90.000000,top
"D39","H5VL10B","D_SOD-882D",53.234562,-44.901227,-90.000000,top
"D40","H5VL10B","D_SOD-882D",51.984562,-44.901227,-90.000000,top
"D41","H5VL10B","D_SOD-882D",50.734562,-44.901227,-90.000000,top
"D42","H5VL10B","D_SOD-882D",89.717894,-80.009727,-90.000000,top
"D43","H5VL10B","D_SOD-882D",88.467894,-80.009727,-90.000000,top
"D44","H5VL10B","D_SOD-882D",87.217894,-80.009727,-90.000000,top
"D45","H5VL10B","D_SOD-882D",85.967894,-80.009727,-90.000000,top
"D46","H5VL10B","D_SOD-882D",84.717894,-80.009727,-90.000000,top
"D47","H5VL10B","D_SOD-882D",83.467894,-80.009727,-90.000000,top
"D48","H5VL10B","D_SOD-882D",82.217894,-80.009727,-90.000000,top
"D49","H5VL10B","D_SOD-882D",80.967894,-80.009727,-90.000000,top
"D50","H5VL10B","D_SOD-882D",64.801228,-80.901227,90.000000,top
"D51","H5VL10B","D_SOD-882D",66.051228,-80.901227,90.000000,top
"D52","H5VL10B","D_SOD-882D",67.301228,-80.901227,90.000000,top
"D53","H5VL10B","D_SOD-882D",68.551228,-80.901227,90.000000,top
"D54","H5VL10B","D_SOD-882D",69.801228,-80.901227,90.000000,top
"D55","H5VL10B","D_SOD-882D",71.051228,-80.901227,90.000000,top
"D56","H5VL10B","D_SOD-882D",72.301228,-80.901227,90.000000,top
"D57","H5VL10B","D_SOD-882D",73.551228,-80.901227,90.000000,top
"D58","H5VL10B","D_SOD-882D",76.101228,-25.701227,-90.000000,top
"D59","H5VL10B","D_SOD-882D",74.851228,-25.701227,-90.000000,top
"D60","H5VL10B","D_SOD-882D",73.601228,-25.701227,-90.000000,top
"D61","H5VL10B","D_SOD-882D",72.351228,-25.701227,-90.000000,top
"D62","H5VL10B","D_SOD-882D",71.101228,-25.701227,-90.000000,top
"D63","H5VL10B","D_SOD-882D",69.851228,-25.701227,-90.000000,top
"D64","H5VL10B","D_SOD-882D",68.601228,-25.701227,-90.000000,top
"D65","H5VL10B","D_SOD-882D",67.351228,-25.701227,-90.000000,top
"D66","H5VL10B","D_SOD-882D",66.101228,-25.701227,-90.000000,top
"D67","H5VL10B","D_SOD-882D",64.851228,-25.701227,-90.000000,top
"D68","H5VL10B","D_SOD-882D",74.801228,-80.901227,90.000000,top
"D69","H5VL10B","D_SOD-882D",76.051228,-80.901227,90.000000,top
"D70","H5VL10B","D_SOD-882D",59.484562,-80.009727,-90.000000,top
"D71","H5VL10B","D_SOD-882D",58.234562,-80.009727,-90.000000,top
"D72","H5VL10B","D_SOD-882D",56.984562,-80.009727,-90.000000,top
"D73","H5VL10B","D_SOD-882D",55.734562,-80.009727,-90.000000,top
"D74","H5VL10B","D_SOD-882D",54.484562,-80.009727,-90.000000,top
"D75","H5VL10B","D_SOD-882D",53.234562,-80.009727,-90.000000,top
"D76","H5VL10B","D_SOD-882D",13.201228,-100.101227,90.000000,top
"D77","H5VL10B","D_SOD-882D",14.451228,-100.101227,90.000000,top
"D78","H5VL10B","D_SOD-882D",25.001228,-100.101227,90.000000,top
"D79","H5VL10B","D_SOD-882D",26.251228,-100.101227,90.000000,top
"D80","H5VL10B","D_SOD-882D",15.701228,-100.101227,90.000000,top
"D81","H5VL10B","D_SOD-882D",16.951228,-100.101227,90.000000,top
"D82","H5VL10B","D_SOD-882D",27.501228,-100.101227,90.000000,top
"D83","H5VL10B","D_SOD-882D",28.751228,-100.101227,90.000000,top
"D84","H5VL10B","D_SOD-882D",51.984562,-80.009727,-90.000000,top
"D85","H5VL10B","D_SOD-882D",50.734562,-80.009727,-90.000000,top
"D86","H5VL10B","D_SOD-882D",81.417894,-100.101227,90.000000,top
"D87","H5VL10B","D_SOD-882D",82.667894,-100.101227,90.000000,top
"D88","H5VL10B","D_SOD-882D",83.917894,-100.101227,90.000000,top
"D89","H5VL10B","D_SOD-882D",85.167894,-100.101227,90.000000,top
"D90","H5VL10B","D_SOD-882D",86.417894,-100.101227,90.000000,top
"D91","H5VL10B","D_SOD-882D",87.667894,-100.101227,90.000000,top
"D92","H5VL10B","D_SOD-882D",88.917894,-100.101227,90.000000,top
"D93","H5VL10B","D_SOD-882D",90.167894,-100.101227,90.000000,top
"D94","H5VL10B","D_SOD-882D",64.801228,-100.101227,90.000000,top
"D95","H5VL10B","D_SOD-882D",66.051228,-100.101227,90.000000,top
"D96","H5VL10B","D_SOD-882D",67.301228,-100.101227,90.000000,top
"D97","H5VL10B","D_SOD-882D",68.551228,-100.101227,90.000000,top
"D98","H5VL10B","D_SOD-882D",69.801228,-100.101227,90.000000,top
"D99","H5VL10B","D_SOD-882D",71.051228,-100.101227,90.000000,top
"D100","H5VL10B","D_SOD-882D",72.301228,-100.101227,90.000000,top
"D101","H5VL10B","D_SOD-882D",73.551228,-100.101227,90.000000,top
"D102","H5VL10B","D_SOD-882D",74.801228,-100.101227,90.000000,top
"D103","H5VL10B","D_SOD-882D",76.051228,-100.101227,90.000000,top
"D104","H5VL10B","D_SOD-882D",51.184562,-100.101227,90.000000,top
"D105","H5VL10B","D_SOD-882D",52.434562,-100.101227,90.000000,top
"D106","H5VL10B","D_SOD-882D",53.684562,-100.101227,90.000000,top
"D107","H5VL10B","D_SOD-882D",54.934562,-100.101227,90.000000,top
"D108","H5VL10B","D_SOD-882D",56.184562,-100.101227,90.000000,top
"D109","H5VL10B","D_SOD-882D",57.434562,-100.101227,90.000000,top
"D110","H5VL10B","D_SOD-882D",58.684562,-100.101227,90.000000,top
"D111","H5VL10B","D_SOD-882D",59.934562,-100.101227,90.000000,top
"D112","H5VL10B","D_SOD-882D",39.401228,-57.267977,0.000000,top
"D113","H5VL10B","D_SOD-882D",39.401228,-58.517977,0.000000,top
"D114","H5VL10B","D_SOD-882D",39.401228,-59.767977,0.000000,top
"D115","H5VL10B","D_SOD-882D",39.401228,-61.017977,0.000000,top
"D116","H5VL10B","D_SOD-882D",39.401228,-62.267977,0.000000,top
"D117","H5VL10B","D_SOD-882D",39.401228,-63.517977,0.000000,top
"D118","H5VL10B","D_SOD-882D",39.401228,-64.767977,0.000000,top
"D119","H5VL10B","D_SOD-882D",39.401228,-66.017977,0.000000,top
"D120","H5VL10B","D_SOD-882D",39.401228,-67.267977,0.000000,top
"D121","H5VL10B","D_SOD-882D",39.401228,-68.517977,0.000000,top
"D122","H5VL10B","D_SOD-882D",20.280478,-40.855359,0.000000,top
"D123","H5VL10B","D_SOD-882D",20.280478,-42.105359,0.000000,top
"D124","H5VL10B","D_SOD-882D",20.280478,-43.355359,0.000000,top
"D125","H5VL10B","D_SOD-882D",20.280478,-44.605359,0.000000,top
"D126","H5VL10B","D_SOD-882D",20.280478,-45.855359,0.000000,top
"D127","H5VL10B","D_SOD-882D",20.280478,-47.105359,0.000000,top
"D128","H5VL10B","D_SOD-882D",20.280478,-48.355359,0.000000,top
"D129","H5VL10B","D_SOD-882D",20.280478,-49.605359,0.000000,top
"D130","H5VL10B","D_SOD-882D",20.280478,-76.680595,0.000000,top
"D131","H5VL10B","D_SOD-882D",20.280478,-77.930595,0.000000,top
"D132","H5VL10B","D_SOD-882D",20.280478,-79.180595,0.000000,top
"D133","H5VL10B","D_SOD-882D",20.280478,-80.430595,0.000000,top
"D134","H5VL10B","D_SOD-882D",20.280478,-81.680595,0.000000,top
"D135","H5VL10B","D_SOD-882D",20.280478,-82.930595,0.000000,top
"D136","H5VL10B","D_SOD-882D",20.280478,-84.180595,0.000000,top
"D137","H5VL10B","D_SOD-882D",20.280478,-85.430595,0.000000,top
"D138","H5VL10B","D_SOD-882D",39.401228,-40.855359,0.000000,top
"D139","H5VL10B","D_SOD-882D",39.401228,-42.105359,0.000000,top
"D140","H5VL10B","D_SOD-882D",39.401228,-43.355359,0.000000,top
"D141","H5VL10B","D_SOD-882D",39.401228,-44.605359,0.000000,top
"D142","H5VL10B","D_SOD-882D",39.401228,-45.855359,0.000000,top
"D143","H5VL10B","D_SOD-882D",39.401228,-47.105359,0.000000,top
"D144","H5VL10B","D_SOD-882D",39.401228,-48.355359,0.000000,top
"D145","H5VL10B","D_SOD-882D",39.401228,-49.605359,0.000000,top
"D146","H5VL10B","D_SOD-882D",39.401228,-76.680595,0.000000,top
"D147","H5VL10B","D_SOD-882D",39.401228,-77.930595,0.000000,top
"D148","H5VL10B","D_SOD-882D",39.401228,-79.180595,0.000000,top
"D149","H5VL10B","D_SOD-882D",39.401228,-80.430595,0.000000,top
"D150","H5VL10B","D_SOD-882D",39.401228,-81.680595,0.000000,top
"D151","H5VL10B","D_SOD-882D",39.401228,-82.930595,0.000000,top
"D152","H5VL10B","D_SOD-882D",39.401228,-84.180595,0.000000,top
"D153","H5VL10B","D_SOD-882D",39.401228,-85.430595,0.000000,top
"D154","H5VL10B","D_SOD-882D",101.401228,-68.567977,180.000000,top
"D155","H5VL10B","D_SOD-882D",101.401228,-67.317977,180.000000,top
"D156","H5VL10B","D_SOD-882D",101.401228,-66.067977,180.000000,top
"D157","H5VL10B","D_SOD-882D",101.401228,-64.817977,180.000000,top
"D158","H5VL10B","D_SOD-882D",101.401228,-63.567977,180.000000,top
"D159","H5VL10B","D_SOD-882D",101.401228,-62.317977,180.000000,top
"D160","H5VL10B","D_SOD-882D",101.401228,-61.067977,180.000000,top
"D161","H5VL10B","D_SOD-882D",101.401228,-59.817977,180.000000,top
"D162","H5VL10B","D_SOD-882D",101.401228,-58.567977,180.000000,top
"D163","H5VL10B","D_SOD-882D",101.401228,-57.317977,180.000000,top
"D164","H5VL10B","D_SOD-882D",101.401228,-49.155359,180.000000,top
"D165","H5VL10B","D_SOD-882D",101.401228,-47.905359,180.000000,top
"D166","H5VL10B","D_SOD-882D",101.401228,-46.655359,180.000000,top
"D167","H5VL10B","D_SOD-882D",101.401228,-45.405359,180.000000,top
"D168","H5VL10B","D_SOD-882D",101.401228,-44.155359,180.000000,top
"D169","H5VL10B","D_SOD-882D",101.401228,-42.905359,180.000000,top
"D170","H5VL10B","D_SOD-882D",101.401228,-41.655359,180.000000,top
"D171","H5VL10B","D_SOD-882D",101.401228,-40.405359,180.000000,top
"D172","H5VL10B","D_SOD-882D",101.401228,-84.980595,180.000000,top
"D173","H5VL10B","D_SOD-882D",101.401228,-83.730595,180.000000,top
"D174","H5VL10B","D_SOD-882D",101.401228,-82.480595,180.000000,top
"D175","H5VL10B","D_SOD-882D",101.401228,-81.230595,180.000000,top
"D176","H5VL10B","D_SOD-882D",101.401228,-79.980595,180.000000,top
"D177","H5VL10B","D_SOD-882D",101.401228,-78.730595,180.000000,top
"D178","H5VL10B","D_SOD-882D",101.401228,-77.480595,180.000000,top
"D179","H5VL10B","D_SOD-882D",101.401228,-76.230595,180.000000,top
"D180","H5VL10B","D_SOD-882D",120.621978,-49.155359,180.000000,top
"D181","H5VL10B","D_SOD-882D",120.621978,-47.905359,180.000000,top
"D182","H5VL10B","D_SOD-882D",120.621978,-46.655359,180.000000,top
"D183","H5VL10B","D_SOD-882D",120.621978,-45.405359,180.000000,top
"D184","H5VL10B","D_SOD-882D",120.621978,-44.155359,180.000000,top
"D185","H5VL10B","D_SOD-882D",120.621978,-42.905359,180.000000,top
"D186","H5VL10B","D_SOD-882D",120.621978,-41.655359,180.000000,top
"D187","H5VL10B","D_SOD-882D",120.621978,-40.405359,180.000000,top
"D188","H5VL10B","D_SOD-882D",120.621978,-85.080595,180.000000,top
"D189","H5VL10B","D_SOD-882D",120.621978,-83.816309,180.000000,top
"D190","H5VL10B","D_SOD-882D",120.621978,-82.552024,180.000000,top
"D191","H5VL10B","D_SOD-882D",120.621978,-81.287738,180.000000,top
"D192","H5VL10B","D_SOD-882D",120.621978,-80.023452,180.000000,top
"D193","H5VL10B","D_SOD-882D",120.621978,-78.759166,180.000000,top
"D194","H5VL10B","D_SOD-882D",120.621978,-77.494881,180.000000,top
"D195","H5VL10B","D_SOD-882D",120.621978,-76.230595,180.000000,top
"D196","H5VL10B","D_SOD-882D",28.251228,-25.701227,-90.000000,top
"D197","H5VL10B","D_SOD-882D",27.001228,-25.701227,-90.000000,top
"D198","H5VL10B","D_SOD-882D",16.451228,-25.701227,-90.000000,top
"D199","H5VL10B","D_SOD-882D",15.201228,-25.701227,-90.000000,top
"D200","H5VL10B","D_SOD-882D",25.751228,-25.701227,-90.000000,top
"D201","H5VL10B","D_SOD-882D",24.501228,-25.701227,-90.000000,top
"D202","H5VL10B","D_SOD-882D",13.951228,-25.701227,-90.000000,top
"D203","H5VL10B","D_SOD-882D",12.701228,-25.701227,-90.000000,top
"D204","H5VL10B","D_SOD-882D",127.701228,-25.701227,-90.000000,top
"D205","H5VL10B","D_SOD-882D",126.451228,-25.701227,-90.000000,top
"D206","H5VL10B","D_SOD-882D",115.901228,-25.701227,-90.000000,top
"D207","H5VL10B","D_SOD-882D",114.651228,-25.701227,-90.000000,top
"D208","H5VL10B","D_SOD-882D",125.201228,-25.701227,-90.000000,top
"D209","H5VL10B","D_SOD-882D",123.951228,-25.701227,-90.000000,top
"D210","H5VL10B","D_SOD-882D",113.401228,-25.701227,-90.000000,top
"D211","H5VL10B","D_SOD-882D",112.151228,-25.701227,-90.000000,top
"D212","H5VL10B","D_SOD-882D",112.651228,-100.117977,90.000000,top
"D213","H5VL10B","D_SOD-882D",113.901228,-100.117977,90.000000,top
"D214","H5VL10B","D_SOD-882D",124.451228,-100.117977,90.000000,top
"D215","H5VL10B","D_SOD-882D",125.701228,-100.117977,90.000000,top
"D216","H5VL10B","D_SOD-882D",115.151228,-100.117977,90.000000,top
"D217","H5VL10B","D_SOD-882D",116.401228,-100.117977,90.000000,top
"D218","H5VL10B","D_SOD-882D",126.951228,-100.117977,90.000000,top
"D219","H5VL10B","D_SOD-882D",128.201228,-100.117977,90.000000,top
"D220","Schottkey","D_SOD-323",17.851228,-53.401227,180.000000,top
"D221","H5VL10B","D_SOD-882D",130.050000,-58.950000,180.000000,top
"D228","H5VL10B","D_SOD-882D",131.701229,-48.284554,180.000000,top
"D229","H5VL10B","D_SOD-882D",131.701229,-46.951221,180.000000,top
"D230","H5VL10B","D_SOD-882D",131.701229,-45.617887,180.000000,top
"D231","H5VL10B","D_SOD-882D",131.701229,-44.284554,180.000000,top
"D232","H5VL10B","D_SOD-882D",131.701229,-42.951220,180.000000,top
"D233","H5VL10B","D_SOD-882D",131.701229,-41.617887,180.000000,top
"D236","H5VL10B","D_SOD-882D",131.651228,-87.101227,180.000000,top
"D237","H5VL10B","D_SOD-882D",131.651228,-85.767894,180.000000,top
"D238","H5VL10B","D_SOD-882D",131.651228,-84.434560,180.000000,top
"D239","H5VL10B","D_SOD-882D",131.651228,-83.101227,180.000000,top
"D240","H5VL10B","D_SOD-882D",131.651228,-81.767894,180.000000,top
"D241","H5VL10B","D_SOD-882D",131.651228,-80.434560,180.000000,top
"D242","H5VL10B","D_SOD-882D",131.651228,-79.101227,180.000000,top
"D243","H5VL10B","D_SOD-882D",131.651228,-77.767894,180.000000,top
"D244","Schottkey","D_SOD-323",17.851228,-57.351227,180.000000,top
"D245","Schottkey","D_SOD-323",17.851228,-55.351227,180.000000,top
"D246","RED_LED","D_0402_1005Metric",4.166228,-69.101227,0.000000,top
"D247","H5VL10B","D_SOD-882D",59.484562,-25.701227,-90.000000,top
"D248","H5VL10B","D_SOD-882D",58.234562,-25.701227,-90.000000,top
"D249","H5VL10B","D_SOD-882D",56.984562,-25.701227,-90.000000,top
"D250","H5VL10B","D_SOD-882D",55.734562,-25.701227,-90.000000,top
"D251","H5VL10B","D_SOD-882D",54.484562,-25.701227,-90.000000,top
"D252","H5VL10B","D_SOD-882D",53.234562,-25.701227,-90.000000,top
"D253","H5VL10B","D_SOD-882D",51.984562,-25.701227,-90.000000,top
"D254","H5VL10B","D_SOD-882D",50.734562,-25.701227,-90.000000,top
"D255","H5VL10B","D_SOD-882D",131.651228,-76.434560,180.000000,top
"D256","H5VL10B","D_SOD-882D",131.651228,-75.101227,180.000000,top
"FID1","Fiducial","Fiducial_1mm_Mask2mm",6.550000,-17.450000,0.000000,top
"FID2","Fiducial","Fiducial_1mm_Mask2mm",134.050000,-22.950000,0.000000,top
"FID3","Fiducial","Fiducial_1mm_Mask2mm",138.050000,-101.950000,0.000000,top
"J1","USB_C_Receptacle_USB2.0_16P","USB_C_Receptacle_GCT_USB4105-xx-A_16P_TopMnt_Horizontal",3.651228,-62.888727,-90.000000,top
"J3","Molex_5051101292","CON_5051101292_MOL",85.567894,-20.701227,180.000000,top
"J4","Molex_5051101292","CON_5051101292_MOL",85.567894,-39.901227,180.000000,top
"J5","Molex_5051101697","CON_5051101697_MOL",70.451228,-39.801227,180.000000,top
"J6","Molex_5051101292","CON_5051101292_MOL",55.334562,-39.901227,180.000000,top
"J7","Molex_5051101292","CON_5051101292_MOL",85.567894,-75.009727,180.000000,top
"J8","Molex_5051101697","CON_5051101697_MOL",70.451228,-20.701227,180.000000,top
"J9","Molex_5051101697","CON_5051101697_MOL",70.451228,-85.901227,0.000000,top
"J10","Molex_5051100692","CON_5051100692_MOL",14.851228,-105.067977,0.000000,top
"J11","Molex_5051100692","CON_5051100692_MOL",26.601228,-105.067977,0.000000,top
"J12","Molex_5051101292","CON_5051101292_MOL",55.334562,-75.009727,180.000000,top
"J13","Molex_5051101292","CON_5051101292_MOL",85.567894,-105.101227,0.000000,top
"J14","Molex_5051101697","CON_5051101697_MOL",70.451228,-105.101227,0.000000,top
"J15","Molex_5051101292","CON_5051101292_MOL",55.334562,-105.101227,0.000000,top
"J16","Molex_5051101697","CON_5051101697_MOL",34.401228,-62.917977,-90.000000,top
"J17","Molex_5051101292","CON_5051101292_MOL",15.280478,-45.005359,-90.000000,top
"J18","Molex_5051101292","CON_5051101292_MOL",15.280478,-80.830595,-90.000000,top
"J19","Molex_5051101292","CON_5051101292_MOL",34.401228,-45.005359,-90.000000,top
"J20","Molex_5051101292","CON_5051101292_MOL",34.401228,-80.830595,-90.000000,top
"J21","Molex_5051101697","CON_5051101697_MOL",106.401228,-62.917977,90.000000,top
"J22","Molex_5051101292","CON_5051101292_MOL",106.401228,-45.005359,90.000000,top
"J23","Molex_5051101292","CON_5051101292_MOL",106.401228,-80.830595,90.000000,top
"J24","Molex_5051101292","CON_5051101292_MOL",125.621978,-45.005359,90.000000,top
"J25","Molex_5051101292","CON_5051101292_MOL",125.621978,-80.830595,90.000000,top
"J26","Molex_5051100692","CON_5051100692_MOL",26.601228,-20.734477,180.000000,top
"J27","Molex_5051100692","CON_5051100692_MOL",14.851228,-20.734477,180.000000,top
"J28","Molex_5051100692","CON_5051100692_MOL",126.051228,-20.734477,180.000000,top
"J29","Molex_5051100692","CON_5051100692_MOL",114.301228,-20.734477,180.000000,top
"J30","Molex_5051100692","CON_5051100692_MOL",114.301228,-105.084727,0.000000,top
"J31","Molex_5051100692","CON_5051100692_MOL",126.051228,-105.084727,0.000000,top
"J32","Molex_5051101697","CON_5051101697_MOL",136.601228,-81.101227,90.000000,top
"J33","Molex_5051101292","CON_5051101292_MOL",136.651228,-45.001227,90.000000,top
"J34","Conn_01x02","PinHeader_1x02_P2.54mm_Horizontal",130.516228,-61.613727,0.000000,top
"J36","Conn_01x03","PinHeader_1x03_P1.27mm_Vertical",42.020000,-26.950000,-90.000000,top
"J53","Molex_5051101292","CON_5051101292_MOL",55.334562,-20.701227,180.000000,top
"R1","5.1kΩ","C_0201_0603Metric",9.381228,-65.701227,0.000000,top
"R2","5.1kΩ","C_0201_0603Metric",9.381228,-61.001227,0.000000,top
"R3","10kΩ","C_0201_0603Metric",36.666228,-102.601227,180.000000,top
"R4","10kΩ","C_0201_0603Metric",36.666228,-100.101227,180.000000,top
"R5","270Ω","R_0201_0603Metric",63.971505,-67.559322,90.000000,top
"R6","10kΩ","C_0201_0603Metric",43.331228,-103.901227,0.000000,top
"R7","10kΩ","C_0201_0603Metric",43.331228,-101.351227,0.000000,top
"R8","1kΩ","C_0201_0603Metric",4.501228,-14.001227,90.000000,top
"R9","1kΩ","C_0201_0603Metric",136.351228,-14.001227,90.000000,top
"R10","1kΩ","C_0201_0603Metric",4.501228,-111.736227,-90.000000,top
"R11","1kΩ","C_0201_0603Metric",136.351228,-111.736227,-90.000000,top
"R12","100Ω","R_0201_0603Metric",89.717894,-27.521227,-90.000000,top
"R13","100Ω","R_0201_0603Metric",88.467894,-27.521227,-90.000000,top
"R14","100Ω","R_0201_0603Metric",87.217894,-27.521227,-90.000000,top
"R15","100Ω","R_0201_0603Metric",85.967894,-27.521227,-90.000000,top
"R16","100Ω","R_0201_0603Metric",84.717894,-27.521227,-90.000000,top
"R17","100Ω","R_0201_0603Metric",83.467894,-27.521227,-90.000000,top
"R18","100Ω","R_0201_0603Metric",74.851228,-27.521227,-90.000000,top
"R19","100Ω","R_0201_0603Metric",82.217894,-27.521227,-90.000000,top
"R20","100Ω","R_0201_0603Metric",80.967894,-27.521227,-90.000000,top
"R21","100Ω","R_0201_0603Metric",89.717894,-46.721227,-90.000000,top
"R22","100Ω","R_0201_0603Metric",88.467894,-46.721227,-90.000000,top
"R23","100Ω","R_0201_0603Metric",87.217894,-46.721227,-90.000000,top
"R24","100Ω","R_0201_0603Metric",73.601228,-27.521227,-90.000000,top
"R25","100Ω","R_0201_0603Metric",85.967894,-46.721227,-90.000000,top
"R26","100Ω","R_0201_0603Metric",84.717894,-46.721227,-90.000000,top
"R27","100Ω","R_0201_0603Metric",83.467894,-46.721227,-90.000000,top
"R28","100Ω","R_0201_0603Metric",82.217894,-46.721227,-90.000000,top
"R29","100Ω","R_0201_0603Metric",80.967894,-46.721227,-90.000000,top
"R30","100Ω","R_0201_0603Metric",76.101228,-46.621227,-90.000000,top
"R31","100Ω","R_0201_0603Metric",72.351228,-27.521227,-90.000000,top
"R32","100Ω","R_0201_0603Metric",74.851228,-46.621227,-90.000000,top
"R33","100Ω","R_0201_0603Metric",73.601228,-46.621227,-90.000000,top
"R34","100Ω","R_0201_0603Metric",72.351228,-46.621227,-90.000000,top
"R35","100Ω","R_0201_0603Metric",71.101228,-46.621227,-90.000000,top
"R36","100Ω","R_0201_0603Metric",69.851228,-46.621227,-90.000000,top
"R37","100Ω","R_0201_0603Metric",71.101228,-27.521227,-90.000000,top
"R38","100Ω","R_0201_0603Metric",68.601228,-46.621227,-90.000000,top
"R39","100Ω","R_0201_0603Metric",67.351228,-46.621227,-90.000000,top
"R40","100Ω","R_0201_0603Metric",66.101228,-46.621227,-90.000000,top
"R41","100Ω","R_0201_0603Metric",64.851228,-46.621227,-90.000000,top
"R42","100Ω","R_0201_0603Metric",59.484562,-46.721227,-90.000000,top
"R43","100Ω","R_0201_0603Metric",58.234562,-46.721227,-90.000000,top
"R44","100Ω","R_0201_0603Metric",69.851228,-27.521227,-90.000000,top
"R45","100Ω","R_0201_0603Metric",56.984562,-46.721227,-90.000000,top
"R46","100Ω","R_0201_0603Metric",55.734562,-46.721227,-90.000000,top
"R47","100Ω","R_0201_0603Metric",54.484562,-46.721227,-90.000000,top
"R48","100Ω","R_0201_0603Metric",53.234562,-46.721227,-90.000000,top
"R49","100Ω","R_0201_0603Metric",51.984562,-46.721227,-90.000000,top
"R50","100Ω","R_0201_0603Metric",68.601228,-27.521227,-90.000000,top
"R51","100Ω","R_0201_0603Metric",50.734562,-46.721227,-90.000000,top
"R52","100Ω","R_0201_0603Metric",89.717894,-81.829727,-90.000000,top
"R53","100Ω","R_0201_0603Metric",88.467894,-81.829727,-90.000000,top
"R54","100Ω","R_0201_0603Metric",87.217894,-81.829727,-90.000000,top
"R55","100Ω","R_0201_0603Metric",85.967894,-81.829727,-90.000000,top
"R56","100Ω","R_0201_0603Metric",84.717894,-81.829727,-90.000000,top
"R57","100Ω","R_0201_0603Metric",67.351228,-27.521227,-90.000000,top
"R58","100Ω","R_0201_0603Metric",83.467894,-81.829727,-90.000000,top
"R59","100Ω","R_0201_0603Metric",82.217894,-81.829727,-90.000000,top
"R60","100Ω","R_0201_0603Metric",80.967894,-81.829727,-90.000000,top
"R61","100Ω","R_0201_0603Metric",64.801228,-79.081227,90.000000,top
"R62","100Ω","R_0201_0603Metric",66.051228,-79.081227,90.000000,top
"R63","100Ω","R_0201_0603Metric",66.101228,-27.521227,-90.000000,top
"R64","100Ω","R_0201_0603Metric",67.301228,-79.081227,90.000000,top
"R65","100Ω","R_0201_0603Metric",68.551228,-79.081227,90.000000,top
"R66","100Ω","R_0201_0603Metric",69.801228,-79.081227,90.000000,top
"R67","100Ω","R_0201_0603Metric",71.051228,-79.081227,90.000000,top
"R68","100Ω","R_0201_0603Metric",72.301228,-79.081227,90.000000,top
"R69","100Ω","R_0201_0603Metric",73.551228,-79.081227,90.000000,top
"R70","100Ω","R_0201_0603Metric",64.851228,-27.521227,-90.000000,top
"R71","100Ω","R_0201_0603Metric",59.484562,-27.521227,-90.000000,top
"R72","100Ω","R_0201_0603Metric",58.234562,-27.521227,-90.000000,top
"R73","100Ω","R_0201_0603Metric",56.984562,-27.521227,-90.000000,top
"R74","100Ω","R_0201_0603Metric",55.734562,-27.521227,-90.000000,top
"R75","100Ω","R_0201_0603Metric",54.484562,-27.521227,-90.000000,top
"R76","100Ω","R_0201_0603Metric",53.234562,-27.521227,-90.000000,top
"R77","100Ω","R_0201_0603Metric",51.984562,-27.521227,-90.000000,top
"R78","100Ω","R_0201_0603Metric",50.734562,-27.521227,-90.000000,top
"R79","100Ω","R_0201_0603Metric",74.801228,-79.081227,90.000000,top
"R80","100Ω","R_0201_0603Metric",76.051228,-79.081227,90.000000,top
"R81","100Ω","R_0201_0603Metric",59.484562,-81.829727,-90.000000,top
"R82","100Ω","R_0201_0603Metric",76.101228,-27.521227,-90.000000,top
"R83","100Ω","R_0201_0603Metric",58.234562,-81.829727,-90.000000,top
"R84","100Ω","R_0201_0603Metric",56.984562,-81.829727,-90.000000,top
"R85","100Ω","R_0201_0603Metric",55.734562,-81.829727,-90.000000,top
"R86","100Ω","R_0201_0603Metric",54.484562,-81.829727,-90.000000,top
"R87","100Ω","R_0201_0603Metric",53.234562,-81.829727,-90.000000,top
"R88","100Ω","R_0201_0603Metric",51.984562,-81.829727,-90.000000,top
"R89","100Ω","R_0201_0603Metric",50.734562,-81.829727,-90.000000,top
"R90","100Ω","R_0201_0603Metric",81.417894,-98.281227,90.000000,top
"R91","100Ω","R_0201_0603Metric",82.667894,-98.281227,90.000000,top
"R92","100Ω","R_0201_0603Metric",83.917894,-98.281227,90.000000,top
"R93","100Ω","R_0201_0603Metric",85.167894,-98.281227,90.000000,top
"R94","100Ω","R_0201_0603Metric",86.417894,-98.281227,90.000000,top
"R95","100Ω","R_0201_0603Metric",87.667894,-98.281227,90.000000,top
"R96","100Ω","R_0201_0603Metric",88.917894,-98.281227,90.000000,top
"R97","100Ω","R_0201_0603Metric",90.167894,-98.281227,90.000000,top
"R98","100Ω","R_0201_0603Metric",64.801228,-98.281227,90.000000,top
"R99","100Ω","R_0201_0603Metric",66.051228,-98.281227,90.000000,top
"R100","100Ω","R_0201_0603Metric",67.301228,-98.281227,90.000000,top
"R101","100Ω","R_0201_0603Metric",68.551228,-98.281227,90.000000,top
"R102","100Ω","R_0201_0603Metric",69.801228,-98.281227,90.000000,top
"R103","100Ω","R_0201_0603Metric",71.051228,-98.281227,90.000000,top
"R104","100Ω","R_0201_0603Metric",72.301228,-98.281227,90.000000,top
"R105","100Ω","R_0201_0603Metric",73.551228,-98.281227,90.000000,top
"R106","100Ω","R_0201_0603Metric",74.801228,-98.281227,90.000000,top
"R107","100Ω","R_0201_0603Metric",76.051228,-98.281227,90.000000,top
"R108","100Ω","R_0201_0603Metric",13.201228,-98.281227,90.000000,top
"R109","100Ω","R_0201_0603Metric",14.451228,-98.281227,90.000000,top
"R110","100Ω","R_0201_0603Metric",25.001228,-98.281227,90.000000,top
"R111","100Ω","R_0201_0603Metric",26.251228,-98.281227,90.000000,top
"R112","100Ω","R_0201_0603Metric",15.701228,-98.281227,90.000000,top
"R113","100Ω","R_0201_0603Metric",16.951228,-98.281227,90.000000,top
"R114","100Ω","R_0201_0603Metric",27.501228,-98.281227,90.000000,top
"R115","100Ω","R_0201_0603Metric",28.751228,-98.281227,90.000000,top
"R116","100Ω","R_0201_0603Metric",51.184562,-98.281227,90.000000,top
"R117","100Ω","R_0201_0603Metric",52.434562,-98.281227,90.000000,top
"R118","100Ω","R_0201_0603Metric",53.684562,-98.281227,90.000000,top
"R119","100Ω","R_0201_0603Metric",54.934562,-98.281227,90.000000,top
"R120","100Ω","R_0201_0603Metric",56.184562,-98.281227,90.000000,top
"R121","100Ω","R_0201_0603Metric",57.434562,-98.281227,90.000000,top
"R122","100Ω","R_0201_0603Metric",58.684562,-98.281227,90.000000,top
"R123","100Ω","R_0201_0603Metric",59.934562,-98.281227,90.000000,top
"R124","100Ω","R_0201_0603Metric",41.221228,-57.267977,0.000000,top
"R125","100Ω","R_0201_0603Metric",41.221228,-58.517977,0.000000,top
"R126","100Ω","R_0201_0603Metric",41.221228,-59.767977,0.000000,top
"R127","100Ω","R_0201_0603Metric",41.221228,-61.017977,0.000000,top
"R128","100Ω","R_0201_0603Metric",41.221228,-62.267977,0.000000,top
"R129","100Ω","R_0201_0603Metric",41.221228,-63.517977,0.000000,top
"R130","100Ω","R_0201_0603Metric",41.221228,-64.767977,0.000000,top
"R131","100Ω","R_0201_0603Metric",41.221228,-66.017977,0.000000,top
"R132","100Ω","R_0201_0603Metric",41.221228,-67.267977,0.000000,top
"R133","100Ω","R_0201_0603Metric",41.221228,-68.517977,0.000000,top
"R134","100Ω","R_0201_0603Metric",22.100478,-40.855359,0.000000,top
"R135","100Ω","R_0201_0603Metric",22.100478,-42.105359,0.000000,top
"R136","100Ω","R_0201_0603Metric",22.100478,-43.355359,0.000000,top
"R137","100Ω","R_0201_0603Metric",22.100478,-44.605359,0.000000,top
"R138","100Ω","R_0201_0603Metric",22.100478,-45.855359,0.000000,top
"R139","100Ω","R_0201_0603Metric",22.100478,-47.105359,0.000000,top
"R140","100Ω","R_0201_0603Metric",22.100478,-48.355359,0.000000,top
"R141","100Ω","R_0201_0603Metric",22.100478,-49.605359,0.000000,top
"R142","100Ω","R_0201_0603Metric",22.100478,-76.680595,0.000000,top
"R143","100Ω","R_0201_0603Metric",22.100478,-77.930595,0.000000,top
"R144","100Ω","R_0201_0603Metric",22.100478,-79.180595,0.000000,top
"R145","100Ω","R_0201_0603Metric",22.100478,-80.430595,0.000000,top
"R146","100Ω","R_0201_0603Metric",22.100478,-81.680595,0.000000,top
"R147","100Ω","R_0201_0603Metric",22.100478,-82.930595,0.000000,top
"R148","100Ω","R_0201_0603Metric",22.100478,-84.180595,0.000000,top
"R149","100Ω","R_0201_0603Metric",22.100478,-85.430595,0.000000,top
"R150","100Ω","R_0201_0603Metric",41.221228,-40.855359,0.000000,top
"R151","100Ω","R_0201_0603Metric",41.221228,-42.105359,0.000000,top
"R152","100Ω","R_0201_0603Metric",41.221228,-43.355359,0.000000,top
"R153","100Ω","R_0201_0603Metric",41.221228,-44.605359,0.000000,top
"R154","100Ω","R_0201_0603Metric",41.221228,-45.855359,0.000000,top
"R155","100Ω","R_0201_0603Metric",41.221228,-47.105359,0.000000,top
"R156","100Ω","R_0201_0603Metric",41.221228,-48.355359,0.000000,top
"R157","100Ω","R_0201_0603Metric",41.221228,-49.605359,0.000000,top
"R158","100Ω","R_0201_0603Metric",41.221228,-76.680595,0.000000,top
"R159","100Ω","R_0201_0603Metric",41.221228,-77.930595,0.000000,top
"R160","100Ω","R_0201_0603Metric",41.221228,-79.180595,0.000000,top
"R161","100Ω","R_0201_0603Metric",41.221228,-80.430595,0.000000,top
"R162","100Ω","R_0201_0603Metric",41.221228,-81.680595,0.000000,top
"R163","100Ω","R_0201_0603Metric",41.221228,-82.930595,0.000000,top
"R164","100Ω","R_0201_0603Metric",41.221228,-84.180595,0.000000,top
"R165","100Ω","R_0201_0603Metric",41.221228,-85.430595,0.000000,top
"R166","100Ω","R_0201_0603Metric",99.581228,-68.567977,180.000000,top
"R167","100Ω","R_0201_0603Metric",99.581228,-67.317977,180.000000,top
"R168","100Ω","R_0201_0603Metric",99.581228,-66.067977,180.000000,top
"R169","100Ω","R_0201_0603Metric",99.581228,-64.817977,180.000000,top
"R170","100Ω","R_0201_0603Metric",99.581228,-63.567977,180.000000,top
"R171","100Ω","R_0201_0603Metric",99.581228,-62.317977,180.000000,top
"R172","100Ω","R_0201_0603Metric",99.581228,-61.067977,180.000000,top
"R173","100Ω","R_0201_0603Metric",99.581228,-59.817977,180.000000,top
"R174","100Ω","R_0201_0603Metric",99.581228,-58.567977,180.000000,top
"R175","100Ω","R_0201_0603Metric",99.581228,-57.317977,180.000000,top
"R176","100Ω","R_0201_0603Metric",99.581228,-49.155359,180.000000,top
"R177","100Ω","R_0201_0603Metric",99.581228,-47.905359,180.000000,top
"R178","100Ω","R_0201_0603Metric",99.581228,-46.655359,180.000000,top
"R179","100Ω","R_0201_0603Metric",99.581228,-45.405359,180.000000,top
"R180","100Ω","R_0201_0603Metric",99.581228,-44.155359,180.000000,top
"R181","100Ω","R_0201_0603Metric",99.581228,-42.905359,180.000000,top
"R182","100Ω","R_0201_0603Metric",99.581228,-41.655359,180.000000,top
"R183","100Ω","R_0201_0603Metric",99.581228,-40.405359,180.000000,top
"R184","100Ω","R_0201_0603Metric",99.581228,-84.980595,180.000000,top
"R185","100Ω","R_0201_0603Metric",99.581228,-83.730595,180.000000,top
"R186","100Ω","R_0201_0603Metric",99.581228,-82.480595,180.000000,top
"R187","100Ω","R_0201_0603Metric",99.581228,-81.230595,180.000000,top
"R188","100Ω","R_0201_0603Metric",99.581228,-79.980595,180.000000,top
"R189","100Ω","R_0201_0603Metric",99.581228,-78.730595,180.000000,top
"R190","100Ω","R_0201_0603Metric",99.581228,-77.480595,180.000000,top
"R191","100Ω","R_0201_0603Metric",99.581228,-76.230595,180.000000,top
"R192","100Ω","R_0201_0603Metric",118.801978,-49.155359,180.000000,top
"R193","100Ω","R_0201_0603Metric",118.801978,-47.905359,180.000000,top
"R194","100Ω","R_0201_0603Metric",118.801978,-46.655359,180.000000,top
"R195","100Ω","R_0201_0603Metric",118.801978,-45.405359,180.000000,top
"R196","100Ω","R_0201_0603Metric",118.801978,-44.155359,180.000000,top
"R197","100Ω","R_0201_0603Metric",118.801978,-42.905359,180.000000,top
"R198","100Ω","R_0201_0603Metric",118.801978,-41.655359,180.000000,top
"R199","100Ω","R_0201_0603Metric",118.801978,-40.405359,180.000000,top
"R200","100Ω","R_0201_0603Metric",118.801978,-84.980595,180.000000,top
"R201","100Ω","R_0201_0603Metric",118.801978,-83.730595,180.000000,top
"R202","100Ω","R_0201_0603Metric",118.801978,-82.480595,180.000000,top
"R203","100Ω","R_0201_0603Metric",118.801978,-81.230595,180.000000,top
"R204","100Ω","R_0201_0603Metric",118.801978,-79.980595,180.000000,top
"R205","100Ω","R_0201_0603Metric",118.801978,-78.730595,180.000000,top
"R206","100Ω","R_0201_0603Metric",118.801978,-77.480595,180.000000,top
"R207","100Ω","R_0201_0603Metric",118.801978,-76.230595,180.000000,top
"R208","100Ω","R_0201_0603Metric",28.251228,-27.521227,-90.000000,top
"R209","100Ω","R_0201_0603Metric",27.001228,-27.521227,-90.000000,top
"R210","100Ω","R_0201_0603Metric",16.451228,-27.521227,-90.000000,top
"R211","100Ω","R_0201_0603Metric",15.201228,-27.521227,-90.000000,top
"R212","100Ω","R_0201_0603Metric",25.751228,-27.521227,-90.000000,top
"R213","100Ω","R_0201_0603Metric",24.501228,-27.521227,-90.000000,top
"R214","100Ω","R_0201_0603Metric",13.951228,-27.521227,-90.000000,top
"R215","100Ω","R_0201_0603Metric",12.701228,-27.521227,-90.000000,top
"R216","100Ω","R_0201_0603Metric",127.651228,-27.521227,-90.000000,top
"R217","100Ω","R_0201_0603Metric",126.417895,-27.521227,-90.000000,top
"R218","100Ω","R_0201_0603Metric",115.901228,-27.521227,-90.000000,top
"R219","100Ω","R_0201_0603Metric",114.651228,-27.521227,-90.000000,top
"R220","100Ω","R_0201_0603Metric",125.184561,-27.521227,-90.000000,top
"R221","100Ω","R_0201_0603Metric",123.951228,-27.521227,-90.000000,top
"R222","100Ω","R_0201_0603Metric",113.401228,-27.521227,-90.000000,top
"R223","100Ω","R_0201_0603Metric",112.151228,-27.521227,-90.000000,top
"R224","100Ω","R_0201_0603Metric",112.651228,-98.297977,90.000000,top
"R225","100Ω","R_0201_0603Metric",113.901228,-98.297977,90.000000,top
"R226","100Ω","R_0201_0603Metric",124.451228,-98.297977,90.000000,top
"R227","100Ω","R_0201_0603Metric",125.701228,-98.297977,90.000000,top
"R228","100Ω","R_0201_0603Metric",115.151228,-98.297977,90.000000,top
"R229","100Ω","R_0201_0603Metric",116.401228,-98.297977,90.000000,top
"R230","100Ω","R_0201_0603Metric",126.951228,-98.297977,90.000000,top
"R231","100Ω","R_0201_0603Metric",128.201228,-98.297977,90.000000,top
"R232","10kΩ","C_0201_0603Metric",60.781228,-70.781227,-90.000000,top
"R233","1kΩ","C_0201_0603Metric",59.901228,-70.781227,-90.000000,top
"R234","10kΩ","C_0201_0603Metric",6.201228,-43.001227,0.000000,top
"R235","100Ω","R_0201_0603Metric",129.746228,-85.767894,180.000000,top
"R236","100Ω","R_0201_0603Metric",129.746228,-84.434560,180.000000,top
"R237","100Ω","R_0201_0603Metric",129.746228,-83.101227,180.000000,top
"R238","100Ω","R_0201_0603Metric",129.746228,-81.767894,180.000000,top
"R239","100Ω","R_0201_0603Metric",129.746228,-80.434560,180.000000,top
"R240","100Ω","R_0201_0603Metric",129.746228,-79.101227,180.000000,top
"R241","100Ω","R_0201_0603Metric",129.746228,-77.767894,180.000000,top
"R242","100Ω","R_0201_0603Metric",129.746228,-76.434560,180.000000,top
"R243","100Ω","R_0201_0603Metric",129.746228,-75.101227,180.000000,top
"R244","100Ω","R_0201_0603Metric",129.951229,-46.951221,180.000000,top
"R245","100Ω","R_0201_0603Metric",129.951229,-45.617888,180.000000,top
"R246","100Ω","R_0201_0603Metric",129.951229,-44.284554,180.000000,top
"R247","100Ω","R_0201_0603Metric",129.951229,-42.951221,180.000000,top
"R248","100Ω","R_0201_0603Metric",129.951229,-41.617887,180.000000,top
"R360","1kΩ","C_0201_0603Metric",6.508728,-69.101227,180.000000,top
"SW1","SW_Push","YTSB001A0351803B",2.731228,-80.830595,90.000000,top
"SW2","SW_Push","YTSB001A0351803B",2.731228,-45.005359,90.000000,top
"U2","SN74LVC244ARGYR","RGY20_3P05X2P05",55.134562,-31.951227,180.000000,top
"U3","SN74LVC244ARGYR","RGY20_3P05X2P05",85.367894,-31.951227,180.000000,top
"U4","SN74LVC244ARGYR","RGY20_3P05X2P05",85.367894,-51.151227,180.000000,top
"U5","SN74LVC244ARGYR","RGY20_3P05X2P05",70.736953,-51.013827,180.000000,top
"U6","SN74LVC244ARGYR","RGY20_3P05X2P05",55.134562,-51.151227,180.000000,top
"U7","SN74LVC244ARGYR","RGY20_3P05X2P05",85.367894,-86.259727,180.000000,top
"U8","SN74LVC244ARGYR","RGY20_3P05X2P05",70.165503,-74.651227,0.000000,top
"U9","SN74LVC244ARGYR","RGY20_3P05X2P05",55.134562,-86.259727,180.000000,top
"U10","SN74LVC244ARGYR","RGY20_3P05X2P05",70.736953,-31.951227,180.000000,top
"U11","SN74LVC244ARGYR","RGY20_3P05X2P05",85.767894,-93.851227,0.000000,top
"U12","SN74LVC244ARGYR","RGY20_3P05X2P05",70.165503,-93.801227,0.000000,top
"U13","SN74LVC244ARGYR","RGY20_3P05X2P05",55.534562,-93.851227,0.000000,top
"U14","SN74LVC244ARGYR","RGY20_3P05X2P05",45.651228,-62.632252,-90.000000,top
"U15","SN74LVC244ARGYR","RGY20_3P05X2P05",26.530478,-45.205359,-90.000000,top
"U16","SN74LVC244ARGYR","RGY20_3P05X2P05",26.530478,-81.030595,-90.000000,top
"U17","SN74LVC244ARGYR","RGY20_3P05X2P05",45.651228,-45.205359,-90.000000,top
"U18","SN74LVC244ARGYR","RGY20_3P05X2P05",45.651228,-81.030595,-90.000000,top
"U19","SN74LVC244ARGYR","RGY20_3P05X2P05",95.151228,-63.203702,90.000000,top
"U20","SN74LVC244ARGYR","RGY20_3P05X2P05",20.676228,-94.376727,0.000000,top
"U21","SN74LVC244ARGYR","RGY20_3P05X2P05",95.151228,-44.805359,90.000000,top
"U22","SN74LVC244ARGYR","RGY20_3P05X2P05",95.151228,-80.630595,90.000000,top
"U23","SN74LVC244ARGYR","RGY20_3P05X2P05",114.371978,-44.805359,90.000000,top
"U24","SN74LVC244ARGYR","RGY20_3P05X2P05",114.371978,-80.630595,90.000000,top
"U25","SN74LVC244ARGYR","RGY20_3P05X2P05",20.776228,-31.459227,180.000000,top
"U26","SN74LVC244ARGYR","RGY20_3P05X2P05",120.226228,-31.459227,180.000000,top
"U27","SN74LVC244ARGYR","RGY20_3P05X2P05",120.126228,-94.359977,0.000000,top
"U86","AMS1117-3.3","SOT-223",21.151228,-62.888727,-90.000000,top
"U87","RT9013-18GB","SOT-23-5",83.663728,-63.801227,180.000000,top
"Y1","12MHz","Crystal_SMD_2520-4Pin_2.5x2.0mm",60.314921,-64.477483,-135.000000,top
